{
  "injections": {
    "__dataframe__": true,
    "content": {
      "mass_ratio": [
        0.44981449492293374
      ],
      "chirp_mass": [
        56.1627139794391
      ],
      "luminosity_distance": [
        1064.9292372112734
      ],
      "dec": [
        -1.3129630393971965
      ],
      "ra": [
        5.109927617709579
      ],
      "theta_jn": [
        2.5419036106280677
      ],
      "psi": [
        1.9058024965549174
      ],
      "phase": [
        4.583562073612696
      ],
      "a_1": [
        0.5381887415507687
      ],
      "a_2": [
        0.9257216995498906
      ],
      "tilt_1": [
        2.2545496995135017
      ],
      "tilt_2": [
        0.10470919008406826
      ],
      "phi_12": [
        5.3872299529679575
      ],
      "phi_jl": [
        0.21102439329246717
      ],
      "geocent_time": [
        0.004593108928598882
      ]
    }
  }
}