{
  "injections": {
    "__dataframe__": true,
    "content": {
      "chirp_mass": [
        69.10885061964363,
        58.09360141291611,
        51.229205718085844,
        50.49582906585587,
        74.39810717600817
      ],
      "mass_ratio": [
        0.9563777886388609,
        0.8033178878835899,
        0.8647482804919993,
        0.7718124957327115,
        0.9675362118938842
      ],
      "chi_1": [
        0.5559022552538967,
        -0.8751802397005394,
        0.6290315267941221,
        -0.8208893874623827,
        0.4041935857167015
      ],
      "chi_2": [
        -0.5708461077394962,
        0.6391949033358003,
        0.07297174763840142,
        -0.3525070726542028,
        -0.13607049069212118
      ],
      "luminosity_distance": [
        2500.0,
        2500.0,
        2500.0,
        2500.0,
        2500.0
      ],
      "dec": [
        0.0,
        0.0,
        0.0,
        0.0,
        0.0
      ],
      "ra": [
        0.0,
        0.0,
        0.0,
        0.0,
        0.0
      ],
      "theta_jn": [
        0.0,
        0.0,
        0.0,
        0.0,
        0.0
      ],
      "psi": [
        0.0,
        0.0,
        0.0,
        0.0,
        0.0
      ],
      "phase": [
        0.0,
        0.0,
        0.0,
        0.0,
        0.0
      ],
      "geocent_time": [
        0.0,
        0.0,
        0.0,
        0.0,
        0.0
      ]
    }
  }
}