{
  "injections": {
    "__dataframe__": true,
    "content": {
      "chirp_mass": [
        31.369616873214543,
        27.697867137638703,
        25.409735239361947,
        25.16527635528529,
        33.13270239200273
      ],
      "mass_ratio": [
        0.9236611301180065,
        0.6558063037962824,
        0.7633094908609986,
        0.600671867532245,
        0.9431883708142972
      ],
      "a_1": [
        0.7179511276269483,
        0.0024098801497303237,
        0.7545157633970611,
        0.02955530626880863,
        0.6420967928583508
      ],
      "a_2": [
        0.15457694613025194,
        0.7595974516679002,
        0.4764858738192007,
        0.2637464636728986,
        0.3719647546539394
      ],
      "tilt_1": [
        0.0,
        0.0,
        0.0,
        0.0,
        0.0
      ],
      "tilt_2": [
        0.0,
        0.0,
        0.0,
        0.0,
        0.0
      ],
      "phi_12": [
        0.0,
        0.0,
        0.0,
        0.0,
        0.0
      ],
      "phi_jl": [
        0.0,
        0.0,
        0.0,
        0.0,
        0.0
      ],
      "luminosity_distance": [
        2000.0,
        2000.0,
        2000.0,
        2000.0,
        2000.0
      ],
      "dec": [
        0.0,
        0.0,
        0.0,
        0.0,
        0.0
      ],
      "ra": [
        0.0,
        0.0,
        0.0,
        0.0,
        0.0
      ],
      "theta_jn": [
        0.0,
        0.0,
        0.0,
        0.0,
        0.0
      ],
      "psi": [
        0.0,
        0.0,
        0.0,
        0.0,
        0.0
      ],
      "phase": [
        0.0,
        0.0,
        0.0,
        0.0,
        0.0
      ],
      "geocent_time": [
        0.0,
        0.0,
        0.0,
        0.0,
        0.0
      ],
      "fiducial": [
        1.0,
        1.0,
        1.0,
        1.0,
        1.0
      ]
    }
  }
}