{
  "injections": {
    "__dataframe__": true,
    "content": {
      "mass_1": [
        54.587318112501805,
        28.885069963470922,
        12.868146675533628,
        11.156934486997036,
        66.92891674401906
      ],
      "mass_2": [
        73.89289040944053,
        52.46450430370259,
        61.06475926887989,
        48.0537494025796,
        75.45506966514378
      ],
      "a_1": [
        0.7179511276269483,
        0.0024098801497303237,
        0.7545157633970611,
        0.02955530626880863,
        0.6420967928583508
      ],
      "a_2": [
        0.15457694613025194,
        0.7595974516679002,
        0.4764858738192007,
        0.2637464636728986,
        0.3719647546539394
      ],
      "tilt_1": [
        0.0,
        0.0,
        0.0,
        0.0,
        0.0
      ],
      "tilt_2": [
        0.0,
        0.0,
        0.0,
        0.0,
        0.0
      ],
      "phi_12": [
        0.0,
        0.0,
        0.0,
        0.0,
        0.0
      ],
      "phi_jl": [
        0.0,
        0.0,
        0.0,
        0.0,
        0.0
      ],
      "luminosity_distance": [
        1000.0,
        1000.0,
        1000.0,
        1000.0,
        1000.0
      ],
      "dec": [
        0.0,
        0.0,
        0.0,
        0.0,
        0.0
      ],
      "ra": [
        0.0,
        0.0,
        0.0,
        0.0,
        0.0
      ],
      "theta_jn": [
        0.0,
        0.0,
        0.0,
        0.0,
        0.0
      ],
      "psi": [
        0.0,
        0.0,
        0.0,
        0.0,
        0.0
      ],
      "phase": [
        0.0,
        0.0,
        0.0,
        0.0,
        0.0
      ],
      "geocent_time": [
        0.0,
        0.0,
        0.0,
        0.0,
        0.0
      ]
    }
  }
}