{
  "injections": {
    "__dataframe__": true,
    "content": {
      "chirp_mass": [
        69.10885061964363
      ],
      "mass_ratio": [
        0.6348933568819352
      ],
      "chi_1": [
        -0.8078865978722973
      ],
      "chi_2": [
        -0.8509113614697889
      ],
      "luminosity_distance": [
        2000.0
      ],
      "dec": [
        0.0
      ],
      "ra": [
        0.0
      ],
      "theta_jn": [
        0.0
      ],
      "psi": [
        0.0
      ],
      "phase": [
        0.0
      ],
      "geocent_time": [
        0.0
      ]
    }
  }
}