{"seed": 21, "f_sampling": 4096, "duration": 4, "post_trigger_duration": 2, "trigger_time": 0.0, "fmin": 20, "fref": 20, "ifos": ["H1", "L1", "V1"], "outdir": "./outdir_TaylorF2_part3/injection_1/", "M_c": 60.0, "q": 0.65, "s1_z": 0.117373469793956438, "s2_z": 0.5308517575336058, "d_L": 2500.0, "t_c": 0.0, "phase_c": 0.4, "cos_iota": 0.921060994, "psi": 0.4, "ra": 0.4, "sin_dec": 0.3894183423}