{
  "injections": {
    "__dataframe__": true,
    "content": {
      "mass_ratio": [
        0.44981449492293374
      ],
      "chirp_mass": [
        56.1627139794391
      ],
      "luminosity_distance": [
        1064.9292372112734
      ],
      "dec": [
        -1.3129630393971965
      ],
      "ra": [
        5.109927617709579
      ],
      "theta_jn": [
        2.5419036106280677
      ],
      "psi": [
        1.9058024965549174
      ],
      "phase": [
        4.583562073612696
      ],
      "chi_1": [
        0.017373469793956438
      ],
      "chi_2": [
        0.5308517575336058
      ],
      "geocent_time": [
        0.006317071082430644
      ]
    }
  }
}