{"seed": 5924, "f_sampling": 4096, "duration": 4, "post_trigger_duration": 2, "trigger_time": 1187008882.43, "fmin": 20, "fref": 20, "ifos": ["H1", "L1", "V1"], "outdir": "./outdir/injection_from_bilby/", "M_c": 34.05550917701969, "q": 0.9035592409245702, "s1_z": 0.17577158007743887, "s2_z": 0.1277589271601518, "d_L": 3856.2641320174453, "t_c": -0.0021165923567259357, "phase_c": 6.043368841477039, "iota": 1.8943843789659394, "psi": 1.5974291251662267, "ra": 4.884818657589686, "dec": 3.4046368654574795}