{"seed": 3392, "f_sampling": 4096, "duration": 4, "post_trigger_duration": 2, "trigger_time": 1187008882.43, "fmin": 20, "fref": 20, "ifos": ["H1", "L1", "V1"], "outdir": "./outdir/injection_from_bilby/", "M_c": 85.54682912431389, "q": 0.6642655731247952, "s1_z": 0.009286201503343028, "s2_z": 0.5630163710714331, "d_L": 2323.576837215591, "t_c": 0.004990047813625274, "phase_c": 3.721859863388068, "iota": 3.272831423832071, "psi": 2.369703892859265, "ra": 0.33682209317908457, "dec": 1.8419640987865482}