{
  "injections": {
    "__dataframe__": true,
    "content": {
      "chirp_mass": [
        72.77212654910907,
        45.234003532290274,
        28.073014295214602,
        26.23957266463968,
        85.99526794002043,
        93.45666829582913,
        70.49768318253848,
        79.71224207379987,
        65.77187435990672,
        95.13043178408262
      ],
      "mass_ratio": [
        0.8388718598563406,
        0.12739618764887958,
        0.8752287420141232,
        0.1543873783922813,
        0.7634485156262011,
        0.27869866802723914,
        0.8802815570561507,
        0.5987785677179552,
        0.3872479042202117,
        0.49485131854795117
      ],
      "chi_1": [
        -0.9339270511319833,
        -0.7439191125308634,
        0.337836341093388,
        0.2914352329170151,
        0.22846252073288253,
        -0.23031844256147083,
        0.9844756728626378,
        0.9520539707769355,
        0.36737312927177546,
        0.29790936701027637
      ],
      "chi_2": [
        0.37312452653046146,
        -0.21993558052137452,
        -0.7225089200556258,
        0.43854691358428166,
        0.050201558501937305,
        -0.37572108639326784,
        -0.02804598951305759,
        0.7711859120110205,
        0.8594061615933744,
        -0.28156551051604095
      ],
      "luminosity_distance": [
        2500.354407554163,
        1626.5428687657975,
        2580.0501056989388,
        1682.6892892749663,
        1870.6665018485644,
        3615.9602320167733,
        1295.051577366829,
        2681.1550064011485,
        794.0537025383469,
        3414.254516786892
      ],
      "geocent_time": [
        0.0057419661497736686,
        -0.005212611140140957,
        0.007529684616214076,
        -0.008828639303896112,
        -0.0032776587890867926,
        -0.006994410662103219,
        -0.00099321266701426,
        0.005926485405745885,
        -0.0053871558201250514,
        -0.008959573978711808
      ],
      "phase": [
        2.5418741759590953,
        1.2472942445440403,
        0.5702182028158654,
        3.6463359209130526,
        1.8767631530392166,
        4.222268343675337,
        1.2535925060964899,
        5.919471253635685,
        2.2940548446177735,
        0.662846390572469
      ],
      "theta_jn": [
        3.95280309438121,
        5.82548386532068,
        2.766971268127765,
        5.997868964330948,
        3.1409380316828077,
        2.6717902478438917,
        3.896916049018153,
        6.252375740920343,
        5.962388955709969,
        2.8905488599462985
      ],
      "psi": [
        2.380475373833605,
        1.5626994858727365,
        1.6628831939299176,
        2.4686185846584054,
        1.3026797701038113,
        2.3074481933138635,
        2.2341212411453006,
        2.928151864171794,
        0.36107151637302154,
        2.2902685361628365
      ],
      "dec": [
        5.827176401860604,
        6.0816596149688555,
        0.0924024392813105,
        5.426410725722254,
        6.165030259222339,
        6.014328936414339,
        0.9347118558963151,
        6.1112070723519,
        5.591630008039875,
        5.1671271502276594
      ],
      "ra": [
        3.015853070493006,
        1.4600421144640967,
        5.038364270315536,
        5.802711130688711,
        1.6721458166626353,
        3.386224751505259,
        2.7818980697249724,
        5.8497543205025675,
        0.25453630532256816,
        4.599330573313728
      ]
    }
  }
}